LIMIT_BAL,SEX,EDUCATION,MARRIAGE,AGE,PAY_0,PAY_3,PAY_5,BILL_AMT1,PAY_AMT1,PAY_AMT2,PAY_AMT3,PAY_AMT4,PAY_AMT5,PAY_AMT6,AGE_cat,y_kmeans,prob_0,prob_1
0.27848101265822783,1.0,0.16666666666666666,0.6666666666666666,0.10344827586206895,0.1,0.1,0.1,0.19972292671806258,0.019769859149770135,0.007885366799286808,0.017253383694601946,0.02303864734299517,0.08743133526676966,0.0,0.0,1,0.03410107,0.96589893
0.3924050632911392,1.0,0.16666666666666666,0.6666666666666666,0.10344827586206895,0.2,0.2,0.2,0.24242487346475314,0.013054746597798414,0.004887609328494014,0.011754212113474825,0.015615136876006441,0.03863043310068014,0.02145210775801735,0.0,1,0.031016111,0.9689839
0.6075949367088608,1.0,0.3333333333333333,0.3333333333333333,0.15517241379310348,0.2,0.2,0.2,0.39255628599048215,0.011447515431250803,0.004241034187734785,0.008217825234549959,0.01014975845410628,0.01507283209348016,0.011349320743153523,0.0,1,0.02996844,0.97003156
0.24050632911392406,0.0,0.6666666666666666,0.3333333333333333,0.3620689655172414,0.2,0.2,0.2,0.2237454433062909,0.005723757715625401,0.0008816933737625864,0.0022001185544456227,0.0024154589371980675,0.0,0.003976045367018117,0.6666666666666667,1,0.0390532,0.9609468
0.3291139240506329,0.0,0.16666666666666666,0.6666666666666666,0.2241379310344827,0.1,0.2,0.1,0.1878135980727624,0.013743887026759712,0.00340565198107892,0.007447333818499218,0.003956521739130435,0.03498707004681979,0.003238339518713138,0.3333333333333333,1,0.05323273,0.9467673
0.1772151898734177,0.0,0.3333333333333333,0.6666666666666666,0.24137931034482757,0.2,0.2,0.1,0.2472561196149909,0.022895030862501605,0.01781198734873912,0.061121902990069095,0.0,0.004991454273918069,0.0,0.3333333333333333,1,0.027745068,0.97225493
0.5189873417721519,0.0,0.3333333333333333,0.3333333333333333,0.2241379310344827,0.2,0.2,0.2,0.27896720057343644,0.034342546293752406,0.0062787255404305395,0.01687207480403085,0.01610305958132045,0.02344506469665603,0.03783106914384508,0.3333333333333333,1,0.031085491,0.9689145
0.2151898734177215,1.0,0.3333333333333333,0.6666666666666666,0.1896551724137931,0.2,0.2,0.2,0.20419906312404507,0.0018109969412238769,0.01781198734873912,0.00112480498693539,0.001610305958132045,0.002344506469665603,0.0018915534571922537,0.3333333333333333,1,0.037275016,0.962725
0.45569620253164556,1.0,0.16666666666666666,0.3333333333333333,0.5517241379310345,0.1,0.1,0.1,0.20467035074759368,0.009343462094986904,0.007299352415513292,0.03458887815325018,0.04852012882447665,0.0,0.0,0.6666666666666667,1,0.034253,0.965747
0.4430379746835443,1.0,0.16666666666666666,0.3333333333333333,0.3620689655172414,0.2,0.2,0.2,0.3785985002093394,0.011453239188966428,0.011944124983152829,0.016892321293795688,0.016146537842190015,0.047023766262082996,0.03215640877226831,0.6666666666666667,1,0.029240549,0.97075945
0.3924050632911392,1.0,0.16666666666666666,0.3333333333333333,0.2241379310344827,0.0,0.2,0.1,0.25281073746648924,0.027187849149220653,0.006033513847929565,0.016536882917924104,0.01209500805152979,0.01575977248909218,0.01891553457192254,0.3333333333333333,1,0.032611787,0.9673882
0.2911392405063291,1.0,0.3333333333333333,0.3333333333333333,0.3620689655172414,0.2,0.2,0.2,0.2055285326295438,0.017171273146876203,0.011874658232492747,0.0037456006064948487,0.04830917874396135,0.02344506469665603,0.01891553457192254,0.6666666666666667,1,0.033374727,0.9666253
0.1139240506329114,1.0,0.16666666666666666,0.3333333333333333,0.37931034482758624,0.1,0.1,0.1,0.19147648932369127,0.026308679964100593,0.00923907783779098,0.03047209190106665,0.013563607085346216,0.0873539665532707,0.03168541196142744,0.6666666666666667,1,0.02681142,0.9731886
0.4936708860759494,0.0,0.3333333333333333,0.3333333333333333,0.2241379310344827,0.2,0.2,0.2,0.23876855832019936,0.006868509258750481,0.0029686645581231868,0.0021393790851511117,0.008051529790660225,0.0,0.00945776728596127,0.3333333333333333,1,0.048886955,0.95111305
0.5189873417721519,1.0,0.3333333333333333,0.6666666666666666,0.24137931034482757,0.1,0.1,0.1,0.18977766184345796,0.021658699195926518,0.00986487232664335,0.01592273939505738,0.014586151368760064,0.007692325726972843,0.011294465692894946,0.3333333333333333,1,0.022103906,0.9778961
0.4177215189873417,1.0,0.16666666666666666,0.3333333333333333,0.25862068965517243,0.2,0.2,0.2,0.38453562824832255,0.18366851658516037,0.006022232922608697,0.008087347856065455,0.010117552334943639,0.01221018969401846,0.007901018790692044,0.3333333333333333,1,0.051989734,0.94801027
0.4430379746835443,1.0,0.3333333333333333,0.6666666666666666,0.24137931034482757,0.1,0.1,0.1,0.24920483913747787,0.09118060516145576,0.015996945837902603,0.16681645319742688,0.11493236714975845,0.017363414914343456,0.005714382994177799,0.3333333333333333,1,0.014495909,0.9855041
0.5443037974683544,1.0,0.16666666666666666,0.3333333333333333,0.2758620689655172,0.1,0.2,0.1,0.19337917610155259,0.05724215616242651,0.011874658232492747,0.01349765984322468,0.0,0.00884582291004832,0.0,0.3333333333333333,1,0.030604005,0.969396
1.2531645569620251,1.0,0.16666666666666666,0.3333333333333333,0.44827586206896547,0.2,0.2,0.2,1.238599771589905,0.058135062366064076,0.03011591447633648,1.007870260493587,0.08051529790660225,0.11722532348328014,0.0950619105446539,0.6666666666666667,1,0.052354634,0.94764537
0.1772151898734177,1.0,0.5,0.3333333333333333,0.24137931034482757,0.1,0.1,0.1,0.19408281948368794,0.005721468212539151,0.0029662896264766882,0.0056240249346769505,0.00804830917874396,0.11581393058854146,0.008610351337139138,0.3333333333333333,1,0.05312383,0.94687617
0.2531645569620253,0.0,0.16666666666666666,0.6666666666666666,0.10344827586206895,0.1,0.2,0.2,0.20890645927088514,0.005723757715625401,0.0023749316464985494,0.0056240249346769505,0.004830917874396135,0.007033519408996809,0.006620437100172888,0.0,1,0.05405873,0.94594127
0.27848101265822783,1.0,0.3333333333333333,0.6666666666666666,0.3620689655172414,0.2,0.2,0.2,0.25215970293535467,0.003548729783687749,0.0029686645581231868,0.0056240249346769505,0.01610305958132045,0.007033519408996809,0.00945776728596127,0.6666666666666667,1,0.044800818,0.9551992
0.37974683544303794,1.0,0.5,0.6666666666666666,0.12068965517241376,0.2,0.1,0.1,0.20297152326736034,0.011447515431250803,0.016752767834400766,0.00477479716954073,0.005636070853462158,0.0009284245619875787,0.0007490551690481325,0.0,1,0.019341707,0.9806583
0.2531645569620253,1.0,0.3333333333333333,0.6666666666666666,0.2241379310344827,0.2,0.2,0.2,0.25126425645061234,0.0025184533948751763,0.001781198734873912,0.00337441496080617,0.004830917874396135,0.007033519408996809,0.006620437100172888,0.3333333333333333,1,0.053307116,0.9466929
0.36708860759493667,0.0,0.3333333333333333,0.6666666666666666,0.25862068965517243,0.1,0.2,0.1,0.19850634703866968,0.011447515431250803,0.0060204517238738224,0.0004049297952967404,0.00041384863123993557,0.05004583510148196,0.0006809592445892114,0.3333333333333333,1,0.05046761,0.9495324
0.08860759493670886,1.0,0.3333333333333333,0.6666666666666666,0.12068965517241376,0.2,0.1,0.2,0.20132968870904455,0.011543674560873308,0.04702364660067128,0.002371088912459802,0.003542673107890499,0.007047586447814802,0.004772389372496056,0.0,1,0.02801305,0.97198695
0.30379746835443033,1.0,0.16666666666666666,0.6666666666666666,0.2758620689655172,0.2,0.1,0.1,0.22967161116798224,0.0011527648039269557,0.00792395943854241,0.010306588095288978,0.013426731078904993,0.0436500214522342,0.0033348087450299434,0.3333333333333333,1,0.051846087,0.9481539
0.34177215189873417,1.0,0.3333333333333333,0.3333333333333333,0.25862068965517243,0.2,0.2,0.2,0.2930565084820812,0.005729481473341027,0.004195316753539687,0.011248049869353901,0.008051529790660225,0.004274035294200394,0.007991813356637272,0.3333333333333333,1,0.050337195,0.9496628
0.1139240506329114,1.0,0.3333333333333333,0.6666666666666666,0.3103448275862069,0.2,0.1,0.2,0.20790360304868288,0.0022895030862501602,0.011969061765441064,0.000562402493467695,0.0,0.0026258472460254753,0.003610975549780012,0.3333333333333333,1,0.053919196,0.9460808
0.24050632911392406,1.0,0.16666666666666666,0.3333333333333333,0.1896551724137931,0.0,0.0,0.0,0.1886465715469413,0.019805346447607012,0.0017865423310785336,0.029534004541962536,0.02519001610305958,0.013354308851215274,0.02298048295142869,0.3333333333333333,1,0.044333875,0.9556661
0.4430379746835443,1.0,0.3333333333333333,0.6666666666666666,0.15517241379310348,0.2,0.2,0.2,0.3264269602825095,0.005723757715625401,0.0029686645581231868,0.0056240249346769505,0.008051529790660225,0.011722532348328015,0.00945776728596127,0.0,1,0.04001987,0.95998013
0.16455696202531644,0.0,0.3333333333333333,0.3333333333333333,0.2758620689655172,0.2,0.2,0.2,0.2194676861092905,0.0061061047310291775,0.029690207978701616,0.01064065517640879,0.015235104669887279,0.005877677719451666,0.018928775446122884,0.3333333333333333,1,0.03981161,0.9601884
0.35443037974683544,1.0,0.3333333333333333,0.3333333333333333,0.46551724137931033,0.1,0.1,0.1,0.21587822804621687,0.035946343205670646,0.0008128203560141286,0.016883322853900203,0.005281803542673108,0.0,0.006349944955794396,0.6666666666666667,1,0.050180614,0.9498194
0.1772151898734177,1.0,0.16666666666666666,0.3333333333333333,0.2758620689655172,0.2,0.1,0.1,0.2104310199321784,0.0028584446031833253,0.009527632032840556,0.021119338434698882,0.0,0.0,0.0,0.3333333333333333,1,0.05199617,0.9480038
0.34177215189873417,0.0,0.16666666666666666,0.3333333333333333,0.3620689655172414,0.0,0.1,0.2,0.18339774264188496,0.026225113101452462,0.038098059740218106,0.001251907950459089,0.05152979066022544,0.0013551247394667184,0.0033442665123159044,0.6666666666666667,1,0.04598838,0.9540116
0.2151898734177215,1.0,0.16666666666666666,0.6666666666666666,0.051724137931034475,0.2,0.2,0.2,0.2525005644491305,0.0045790061725003205,0.001543705570224057,0.00224960997387078,0.004830917874396135,0.004747625601072846,0.009062432613408087,0.0,1,0.051547825,0.9484522
0.20253164556962022,1.0,0.16666666666666666,0.6666666666666666,0.10344827586206895,0.2,0.2,0.2,0.2491960709956444,0.0044050039379453084,0.0023749316464985494,0.13970977781727092,0.008051529790660225,0.011722532348328015,0.00945776728596127,0.0,1,0.049536765,0.95046324
0.3924050632911392,0.0,0.16666666666666666,0.3333333333333333,0.37931034482758624,0.1,0.1,0.2,0.18506697764343033,0.0992293532611682,0.008829402128769983,0.0002924492966032014,6.924315619967794e-05,0.009814104082020214,0.0017099643253017972,0.6666666666666667,1,0.04586357,0.95413643
0.36708860759493667,1.0,0.16666666666666666,0.6666666666666666,0.08620689655172414,0.2,0.2,0.2,0.1930361225523184,0.0034342546293752406,0.0029686645581231868,0.0056240249346769505,0.00644122383252818,0.011722532348328015,0.00945776728596127,0.0,1,0.044122696,0.9558773
0.37974683544303794,1.0,0.3333333333333333,0.6666666666666666,0.08620689655172414,0.2,0.2,0.2,0.27761800274881243,0.010481345128853235,0.0016517649601397412,0.00451384241257172,0.004328502415458937,0.006215286651083513,0.005016399768473857,0.0,1,0.044523835,0.95547616
0.620253164556962,0.0,0.16666666666666666,0.3333333333333333,0.5517241379310345,0.1,0.1,0.1,0.29960959848486507,0.012610582999065884,0.006888489240669042,0.0036488673776184054,0.014800322061191626,0.005725284798923402,0.01511729522988049,0.6666666666666667,1,0.038532615,0.9614674
0.620253164556962,1.0,0.16666666666666666,0.6666666666666666,0.3448275862068965,0.1,0.4,0.2,0.19286185573337833,0.033030661025331066,0.0,0.0787363490854773,0.05152979066022544,0.00507585650682603,0.07801144768152293,0.6666666666666667,1,0.046202064,0.95379794
0.620253164556962,1.0,0.5,0.6666666666666666,0.32758620689655177,0.2,0.2,0.2,0.47188056914008636,0.02298432148286536,0.017895703689278192,0.0337441496080617,0.0966183574879227,0.11722532348328014,0.05674660371576761,0.3333333333333333,1,0.03254217,0.96745783
0.36708860759493667,1.0,0.3333333333333333,0.3333333333333333,0.41379310344827586,0.1,0.1,0.2,0.2264712393987685,0.08159445573932635,0.011282706519602984,0.01805312004031301,0.004281803542673108,0.1275270849109908,0.0983607797739972,0.6666666666666667,1,0.026460767,0.97353923
0.05063291139240507,0.0,0.3333333333333333,0.3333333333333333,0.41379310344827586,0.2,0.2,0.2,0.22818431510948117,0.011465831455940803,0.011916219536306472,0.0033811637907277823,0.009665056360708534,0.011722532348328015,0.004728883642980635,0.6666666666666667,1,0.05449611,0.9455039
0.2151898734177215,1.0,0.3333333333333333,0.6666666666666666,0.46551724137931033,0.1,0.1,0.1,0.19243879288991378,0.011447515431250803,0.0059373291162463735,0.011248049869353901,0.0322061191626409,0.024237507883403002,0.03952211793457495,0.6666666666666667,1,0.040196,0.959804
0.48101265822784806,1.0,0.3333333333333333,0.3333333333333333,0.2758620689655172,0.2,0.2,0.2,0.4013529242849032,0.009518609081085042,0.004060539382600895,0.00337441496080617,0.003780998389694042,0.005629160033667113,0.004454608391687757,0.3333333333333333,1,0.054215193,0.9457848
0.20253164556962022,1.0,0.5,0.6666666666666666,0.3620689655172414,0.2,0.2,0.2,0.2667433148398608,0.005723757715625401,0.011874658232492747,0.00899843989548312,0.01610305958132045,0.011722532348328015,0.007566213828769015,0.6666666666666667,1,0.03230828,0.9676917
0.34177215189873417,1.0,0.16666666666666666,0.3333333333333333,0.3448275862068965,0.2,0.2,0.2,0.2908118641727148,0.0034342546293752406,0.0017853548652552844,0.0056240249346769505,0.00322061191626409,0.003985660998431525,0.0037831069143845074,0.6666666666666667,1,0.054507196,0.9454928
0.7974683544303798,0.0,0.16666666666666666,0.6666666666666666,0.25862068965517243,0.2,0.2,0.2,0.39227022536316547,0.0045790061725003205,0.0023749316464985494,0.00337441496080617,0.008051529790660225,0.011722532348328015,0.005674660371576761,0.3333333333333333,1,0.049050152,0.95094985
0.27848101265822783,1.0,0.16666666666666666,0.6666666666666666,0.37931034482758624,0.2,0.2,0.2,0.22496531103887135,0.005723757715625401,0.0029686645581231868,0.00337441496080617,0.005570048309178744,0.009378025878662412,0.00945776728596127,0.6666666666666667,1,0.046584547,0.95341545
0.36708860759493667,0.0,0.16666666666666666,0.6666666666666666,0.17241379310344823,0.2,0.1,0.1,0.1998610249519396,0.0010691979412788249,0.022858717097548536,0.033406708111981084,0.05437842190016103,0.04928152599237098,0.01024843663106763,0.3333333333333333,1,0.044520855,0.95547915
0.1772151898734177,1.0,0.16666666666666666,0.6666666666666666,0.1896551724137931,0.2,0.2,0.2,0.21512307183080992,0.011447515431250803,0.0059373291162463735,0.011248049869353901,0.01610305958132045,0.04689012939331206,0.003249688839456292,0.3333333333333333,1,0.035174012,0.964826
0.2151898734177215,0.0,0.16666666666666666,0.6666666666666666,0.12068965517241376,0.2,0.2,0.2,0.19227767828372389,0.01228547356081836,0.013132778272225353,0.019135182437744855,0.0,0.025100286264239945,0.01827051484301998,0.0,1,0.042031646,0.95796835
0.4683544303797468,1.0,0.16666666666666666,0.6666666666666666,0.1896551724137931,0.1,0.2,0.2,0.28209961924344085,0.011447515431250803,0.0059373291162463735,0.011248049869353901,0.016104669887278582,0.014067038817993618,0.07187903137330565,0.3333333333333333,1,0.025502622,0.9744974
0.5316455696202532,1.0,0.16666666666666666,0.3333333333333333,0.37931034482758624,0.1,0.1,0.1,0.20432948923381783,0.004366082385479056,0.0046067736612955615,0.005006506996849421,0.004694041867954911,0.014964984795875543,0.017071269951160088,0.6666666666666667,1,0.04668808,0.9533119
0.7088607594936709,0.0,0.16666666666666666,0.6666666666666666,0.17241379310344823,0.2,0.2,0.2,0.21082449029695502,0.017175852153048704,0.014843322790615933,0.0014644960929898778,0.001610305958132045,0.0039059477784628947,0.007146288961272334,0.3333333333333333,1,0.012881994,0.987118
0.4936708860759494,1.0,0.16666666666666666,0.3333333333333333,0.2758620689655172,0.0,0.2,0.2,0.1813131169209793,0.08943943806436251,0.011874658232492747,0.10460686378499127,0.04830917874396135,0.04689012939331206,0.022725123234707736,0.3333333333333333,1,0.016456962,0.98354304
0.620253164556962,0.0,0.16666666666666666,0.6666666666666666,0.15517241379310348,0.2,0.2,0.2,0.392195696157581,0.04579006172500321,0.17813056067980043,0.01687207480403085,0.027375201288244767,0.035167597044984046,0.020996243374834016,0.0,1,0.02456528,0.9754347
0.20253164556962022,0.0,0.5,0.3333333333333333,0.5172413793103448,0.2,0.2,0.2,0.24219361372389558,0.009158012345000641,0.003562397469747824,0.0019222917226725815,0.002648953301127214,0.0038754691943572415,0.0032629297136566376,0.6666666666666667,1,0.0432896,0.9567104
0.2151898734177215,1.0,0.3333333333333333,0.6666666666666666,0.15517241379310348,0.2,0.2,0.2,0.25072720776331275,0.0024795318424089235,0.001188653289072524,0.002474570971257858,0.003610305958132045,0.004923463586297766,0.004407319555257951,0.0,1,0.051469028,0.948531
0.4430379746835443,1.0,0.16666666666666666,0.3333333333333333,0.3448275862068965,0.2,0.2,0.2,0.29174676729570775,0.0045790061725003205,0.003562397469747824,0.0056240249346769505,0.00644122383252818,0.18756051757324824,0.00945776728596127,0.6666666666666667,1,0.054122627,0.9458774
0.45569620253164556,1.0,0.3333333333333333,0.6666666666666666,0.12068965517241376,0.2,0.2,0.2,0.27710397043382573,0.003315200468890232,0.0012450579156768646,0.00224960997387078,0.002927536231884058,0.0024476647543308894,0.05302780961892764,0.0,1,0.05320835,0.94679165
0.3291139240506329,1.0,0.16666666666666666,0.6666666666666666,0.41379310344827586,0.2,0.2,0.2,0.2868398959221564,0.004812535487297837,0.0016737330778698527,0.10538747844592443,0.006357487922705314,0.009844582666125867,0.0062591503898491675,0.6666666666666667,1,0.042209625,0.9577904
0.4936708860759494,0.0,0.16666666666666666,0.6666666666666666,0.1896551724137931,0.2,0.2,0.2,0.2055142843990644,0.005755810758832903,0.002986476545471926,0.0022631076337140048,0.006463768115942029,8.67467393776273e-05,0.003807697109328007,0.3333333333333333,1,0.03587222,0.9641278
0.30379746835443033,1.0,0.16666666666666666,0.6666666666666666,0.15517241379310348,0.2,0.2,0.1,0.20509779766197495,0.004006630400937781,0.00893805525159729,0.00886908732198555,0.00778743961352657,0.022636209964621398,0.00945776728596127,0.0,1,0.032615364,0.96738464
0.2151898734177215,1.0,0.16666666666666666,0.6666666666666666,0.20689655172413796,0.2,0.2,0.2,0.28450537815899707,0.009158012345000641,0.0059373291162463735,0.011248049869353901,0.007246376811594203,0.010550279113495214,0.010025233323118945,0.3333333333333333,1,0.047634363,0.95236564
0.2151898734177215,1.0,0.3333333333333333,0.3333333333333333,0.12068965517241376,0.0,0.0,0.0,0.18197620764713487,0.016270353682436765,0.0063101933847466455,0.008802723827756362,0.002748792270531401,0.035371569107844954,0.010174666046237133,0.0,1,0.04948461,0.9505154
0.620253164556962,1.0,0.16666666666666666,0.3333333333333333,0.29310344827586204,0.0,0.0,0.0,0.18247927978482978,0.011197959594849535,0.005551402723690359,0.00784214036891354,0.019128824476650565,0.0365133437585721,0.02444076222038111,0.3333333333333333,1,0.04199326,0.95800674
0.30379746835443033,1.0,0.3333333333333333,0.6666666666666666,0.1896551724137931,0.2,0.2,0.2,0.26106923105588153,0.004350055863875305,0.001781198734873912,0.005061622441209255,0.004830917874396135,0.011722532348328015,0.011349320743153523,0.3333333333333333,1,0.051848948,0.94815105
0.4430379746835443,0.0,0.16666666666666666,0.6666666666666666,0.15517241379310348,0.1,0.1,0.1,0.2124356363588537,0.009223263182958772,0.011734537265349333,4.161778451660943e-05,0.004431561996779388,0.022443960434108817,0.048162734127029164,0.0,1,0.017848492,0.9821515
0.4936708860759494,0.0,0.16666666666666666,0.6666666666666666,0.4310344827586207,0.2,0.2,0.1,0.19349644999857515,0.01062672857483012,0.004320000664980861,7.87363490854773e-06,0.0006714975845410628,0.02532535888532784,0.040104716399390165,0.6666666666666667,1,0.04170102,0.958299
0.620253164556962,0.0,0.16666666666666666,0.3333333333333333,0.5172413793103448,0.2,0.2,0.2,0.4283379767951126,0.017171273146876203,0.008909556071839308,0.011248049869353901,0.01610305958132045,0.028134077635987235,0.028373301857883806,0.6666666666666667,1,0.041875184,0.9581248
0.4430379746835443,1.0,0.16666666666666666,0.6666666666666666,0.3620689655172414,0.0,0.1,0.1,0.23146031210200854,0.03420746561166365,0.0017515120892926802,0.007160508546830693,0.01848631239935588,0.0005204804362657639,0.008105306564068807,0.6666666666666667,1,0.035643637,0.96435636
0.20253164556962022,1.0,0.3333333333333333,0.3333333333333333,0.15517241379310348,0.1,0.2,0.2,0.184171531158688,0.005264712346832244,0.013655856967366658,0.044992199477415604,0.007114331723027376,0.0,0.00529634968013831,0.0,1,0.045617938,0.95438206
0.3164556962025316,0.0,0.16666666666666666,0.6666666666666666,0.25862068965517243,0.2,0.2,0.2,0.2884784424272847,0.005946984266534791,0.001758043151320551,0.00337441496080617,0.008051529790660225,0.006330167468097128,0.00529634968013831,0.3333333333333333,1,0.05466497,0.94533503
0.35443037974683544,1.0,0.3333333333333333,0.3333333333333333,0.46551724137931033,0.0,0.0,0.0,0.1931051716692569,0.03945958569152151,0.007059484319216938,0.030497962415766165,0.00563768115942029,0.029332120441986357,0.010965335391343494,0.6666666666666667,1,0.041497707,0.9585023
0.24050632911392406,0.0,0.5,0.3333333333333333,0.13793103448275862,0.1,0.1,0.1,0.19841866562033506,0.05348508159789,0.01364695097369229,0.009387622420962765,0.0015636070853462158,0.01007199979368343,0.041173444102703786,0.0,1,0.023849607,0.9761504
0.5443037974683544,1.0,0.8333333333333333,0.6666666666666666,0.13793103448275862,0.2,0.2,0.2,0.41976054204652813,0.009163736102716266,0.029686645581231866,0.007873634908547731,0.014492753623188406,0.0,0.0020012635577094044,0.0,1,0.051638663,0.94836134
0.4177215189873417,1.0,0.3333333333333333,0.6666666666666666,0.10344827586206895,0.1,0.1,0.1,0.20842201943458635,0.0022482920306976573,0.006731150019088514,0.007413589668891156,0.003112721417069243,0.02361386916247195,6.242126408734438e-05,0.0,1,0.044902384,0.9550976
0.24050632911392406,1.0,0.3333333333333333,0.6666666666666666,0.1896551724137931,0.2,0.2,0.2,0.3624026462252053,0.011447515431250803,0.011874658232492747,0.00674882992161234,0.00853462157809984,0.012894785583160817,0.008701145903084366,0.3333333333333333,1,0.044009626,0.9559904
0.569620253164557,0.0,0.16666666666666666,0.6666666666666666,0.25862068965517243,0.1,0.1,0.2,0.19404884293408328,0.015758649742659853,0.019516594538013455,0.02362090472564319,0.00026570048309178745,0.008325342473782556,0.05481532763597432,0.3333333333333333,1,0.025462985,0.974537
0.22784810126582275,0.0,0.16666666666666666,0.6666666666666666,0.15517241379310348,0.1,0.1,0.1,0.20992356372356677,0.0019437881202263863,0.00028380433175657666,0.011287418043896639,0.03920289855072464,0.002792307205371733,0.027450223770773986,0.0,1,0.051640987,0.948359
0.4430379746835443,1.0,0.16666666666666666,0.6666666666666666,0.2241379310344827,0.1,0.1,0.1,0.1912013888736664,0.00733900214297489,0.01602307008601409,0.007581185611944529,0.0055829307568438,0.0,0.4528378976518255,0.3333333333333333,1,0.037312925,0.9626871
0.2151898734177215,1.0,0.5,0.3333333333333333,0.37931034482758624,0.1,0.1,0.1,0.18309304971317214,0.02629379819403997,0.016263531915222066,0.014976778401044718,0.014492753623188406,0.03000968281171972,0.01789409570503872,0.6666666666666667,1,0.052142918,0.9478571
0.5569620253164557,1.0,0.16666666666666666,0.3333333333333333,0.4310344827586207,0.1,0.1,0.1,0.2123917956496864,0.004342042603073429,0.002462804117418996,0.002600549129794622,0.0111256038647343,0.009821137601429211,0.0029111007706188784,0.6666666666666667,1,0.04482335,0.95517665
0.620253164556962,1.0,0.3333333333333333,0.6666666666666666,0.25862068965517243,0.0,0.0,0.0,0.19371894159759925,0.01063130758100262,0.005915360998516262,0.019372516289988224,0.012310789049919484,0.03769731952575323,0.02135185542478616,0.3333333333333333,1,0.024861217,0.9751388
0.620253164556962,1.0,0.3333333333333333,0.3333333333333333,0.2241379310344827,0.2,0.2,0.2,0.24754437227776593,0.001997591442753265,0.000970753310506282,0.00224960997387078,0.005555555555555556,0.007033519408996809,0.0037831069143845074,0.3333333333333333,1,0.03804016,0.96195984
0.18987341772151897,1.0,0.3333333333333333,0.3333333333333333,0.41379310344827586,0.1,0.1,0.1,0.20282575290937904,0.012051944246020845,0.004413216732105929,0.005899602156476121,0.027460547504025764,0.003861402155539248,0.05679956721256899,0.6666666666666667,1,0.041007698,0.9589923
0.8987341772151899,1.0,0.16666666666666666,0.3333333333333333,0.41379310344827586,0.2,0.2,0.2,0.319060625124672,0.009179762624320019,0.004775393808196958,0.011351531928151956,0.0048631239935587765,0.006074616262903577,0.01906875040195511,0.6666666666666667,1,0.033470154,0.96652985
0.24050632911392406,0.0,0.3333333333333333,0.3333333333333333,0.29310344827586204,0.2,0.2,0.2,0.19086600744853646,0.09730388116563182,0.03562397469747824,0.0039368174542738655,0.00322061191626409,0.004689012939331206,0.0037831069143845074,0.3333333333333333,1,0.025673509,0.9743265
0.4430379746835443,1.0,0.3333333333333333,0.3333333333333333,0.4310344827586207,0.1,0.1,0.1,0.1884953211003141,0.015327078410901699,0.0022472790704992523,0.00846640713666268,0.010334943639291466,0.021538980936817893,0.0298146655922643,0.6666666666666667,1,0.03223294,0.96776706
0.27848101265822783,1.0,0.3333333333333333,0.3333333333333333,0.25862068965517243,0.0,0.0,0.0,0.1816956271084641,0.033700340678059236,0.013651700836985286,0.0069366723544305505,0.010497584541062801,0.028335705192378477,0.011250959963379525,0.3333333333333333,1,0.04291618,0.9570838
0.4177215189873417,1.0,0.16666666666666666,0.6666666666666666,0.10344827586206895,0.2,0.2,0.1,0.21485454748716012,0.00792053592688243,0.0025661136440416825,0.003610624008062602,0.0052173913043478265,0.026012299280939864,0.006327246314308088,0.0,1,0.030729353,0.96927065
0.24050632911392406,0.0,0.3333333333333333,0.6666666666666666,0.15517241379310348,0.0,0.0,0.0,0.2346267073216176,0.023231587816180378,0.014778605903248847,0.14079296501968971,0.028689210950080514,0.061587840451645726,0.008226365985329111,0.0,1,0.037932754,0.96206725
0.24050632911392406,1.0,0.16666666666666666,0.3333333333333333,0.13793103448275862,0.2,0.2,0.2,0.204852289690638,0.011447515431250803,0.05640462660434055,0.005120112300529896,0.024157809983896942,0.018756051757324824,0.0,0.0,1,0.041294575,0.9587054
0.34177215189873417,1.0,0.3333333333333333,0.3333333333333333,0.46551724137931033,0.0,0.0,0.0,0.19190941632671848,0.041814339615729806,0.008862651171820961,0.02070765980948053,0.02152818035426731,0.02075826028241925,0.033788819405825225,0.6666666666666667,1,0.040110826,0.9598892
0.34177215189873417,0.0,0.16666666666666666,0.6666666666666666,0.1896551724137931,0.2,0.2,0.2,0.21662571213751952,0.005723757715625401,0.0029686645581231868,0.0056240249346769505,0.0,0.0011722532348328015,0.009079456594522818,0.3333333333333333,1,0.040367007,0.959633
0.2911392405063291,1.0,0.16666666666666666,0.6666666666666666,0.3103448275862069,0.2,0.2,0.2,0.3170603927689134,0.0056150063190285185,0.0034436508874228964,0.005511544435983411,0.007890499194847021,0.011722532348328015,0.008540363859223025,0.3333333333333333,1,0.05130607,0.94869393
0.5189873417721519,0.0,0.3333333333333333,0.3333333333333333,0.2241379310344827,0.2,0.2,0.2,0.42918629451750007,0.011447515431250803,0.005699835951596518,0.0075361934124671135,0.011272141706924315,0.016510014559385177,0.013452728187551308,0.3333333333333333,1,0.054685414,0.9453146
0.4177215189873417,1.0,0.16666666666666666,0.6666666666666666,0.13793103448275862,0.2,0.2,0.2,0.38143718612792277,0.007498122607469276,0.0038592639255601428,0.0065576130738333235,0.009747181964573269,0.012191433642261135,0.00960152534870788,0.0,1,0.053939342,0.94606066
0.27848101265822783,1.0,0.3333333333333333,0.6666666666666666,0.24137931034482757,0.1,0.2,0.2,0.18462747453402806,0.03379878931076799,0.02969495784199461,0.009270642702321485,0.011323671497584542,0.011792867542417982,0.015145668531738375,0.3333333333333333,1,0.03317207,0.9668279
0.4430379746835443,1.0,0.3333333333333333,0.3333333333333333,0.24137931034482757,0.2,0.1,0.1,0.29766745506875314,0.028591314541092004,0.006404003184783338,0.024651226093676006,0.03527214170692432,0.021712474415573148,0.041854403347293,0.3333333333333333,1,0.023820996,0.976179
0.1772151898734177,1.0,0.16666666666666666,0.6666666666666666,0.15517241379310348,0.0,0.0,0.0,0.19519637349653765,0.006373976592120446,0.0036253331583800358,0.0049007753280774944,0.0,0.0,0.0,0.0,1,0.04996735,0.95003265
0.620253164556962,1.0,0.16666666666666666,0.3333333333333333,0.29310344827586204,0.2,0.2,0.2,0.29720383956930885,0.0041520138469146655,0.0018162289766597657,0.003003229315117491,0.0037536231884057972,0.005640882566015441,0.0031116054370812574,0.3333333333333333,1,0.03469938,0.9653006
0.430379746835443,1.0,0.5,0.3333333333333333,0.49999999999999994,0.1,0.1,0.1,0.2264909677178938,0.0003605967360844003,0.020207105914232908,0.0013013993698842462,0.013822866344605476,0.004867195431025792,0.01185058240930947,0.6666666666666667,1,0.047086716,0.9529133
0.620253164556962,0.0,0.16666666666666666,0.6666666666666666,0.13793103448275862,0.1,0.1,0.1,0.19123098135235433,0.0014687162298294778,0.014352899405613982,0.04646119479035322,0.008784219001610307,0.08654511182123607,0.023563081416243904,0.0,1,0.025670469,0.97432953
0.3164556962025316,1.0,0.6666666666666666,0.6666666666666666,0.20689655172413796,0.2,0.2,0.2,0.2017078148256126,0.005723757715625401,0.0029686645581231868,0.0012789032701455384,0.008051529790660225,0.002543789519587179,0.00945776728596127,0.3333333333333333,1,0.031019807,0.9689802
0.37974683544303794,1.0,0.16666666666666666,0.6666666666666666,0.20689655172413796,0.2,0.2,0.2,0.26023296952851505,0.005723757715625401,0.0029686645581231868,0.00337441496080617,0.040257648953301126,0.007033519408996809,0.0037831069143845074,0.3333333333333333,1,0.04596722,0.9540328
0.35443037974683544,1.0,0.16666666666666666,0.3333333333333333,0.5344827586206897,0.1,0.1,0.2,0.2184856542239427,0.0030702236386614653,0.00027905446846357955,0.13462228486136216,0.0,0.0229292732733296,0.0045624269387477155,0.6666666666666667,1,0.042536378,0.9574636
0.4177215189873417,1.0,0.16666666666666666,0.6666666666666666,0.13793103448275862,0.2,0.2,0.2,0.272362597737381,0.004121105555250288,0.0017586368842321758,0.0028120124673384752,0.002898550724637681,0.002344506469665603,0.0018915534571922537,0.0,1,0.041843116,0.9581569
0.620253164556962,0.0,0.16666666666666666,0.3333333333333333,0.396551724137931,0.1,0.1,0.1,0.18884714279138176,0.019930124365807645,0.019045170606183492,0.036645021669368075,0.0304573268921095,0.04001838093072218,0.031660821766483944,0.6666666666666667,1,0.0311926,0.9688074
0.5569620253164557,1.0,0.3333333333333333,0.6666666666666666,0.1896551724137931,0.2,0.2,0.2,0.19708262000846125,0.005742073740315402,0.000676261786340462,0.00224960997387078,0.0063413848631239935,0.002344506469665603,0.0,0.3333333333333333,1,0.045161366,0.95483863
0.4683544303797468,0.0,0.16666666666666666,0.6666666666666666,0.20689655172413796,0.2,0.2,0.2,0.26817252195871516,0.0034342546293752406,0.0018405720260363757,0.0039368174542738655,0.005636070853462158,0.00750242070292993,0.005674660371576761,0.3333333333333333,1,0.040946066,0.95905393
0.012658227848101266,0.0,0.3333333333333333,0.6666666666666666,0.0,0.2,0.1,0.2,0.20311290955442493,0.0011447515431250801,0.015614581842816336,0.0007569937562075175,0.0010950080515297906,0.0018099589945818455,0.001609711992070608,0.0,1,0.053506494,0.9464935
0.5189873417721519,0.0,0.16666666666666666,0.3333333333333333,0.44827586206896547,0.1,0.1,0.1,0.19300543405590126,0.017840952799604376,0.0054029694957842,0.010829622414213935,0.016462157809983897,0.009242044503421807,0.00710089167829972,0.6666666666666667,1,0.047304273,0.9526957
0.5949367088607596,0.0,0.3333333333333333,0.3333333333333333,0.32758620689655177,0.2,0.2,0.2,0.25711589510671923,0.0034342546293752406,0.001781198734873912,0.0023575912526165774,0.0034057971014492755,0.004897674015131445,0.004174658480023304,0.3333333333333333,1,0.044938028,0.955062
0.620253164556962,1.0,0.16666666666666666,0.3333333333333333,0.3103448275862069,0.1,0.1,0.1,0.21310091912046766,0.10379233291206477,0.015932228950535518,0.037626976422962664,0.03523510466988728,0.12317802540976111,0.10811930405965203,0.3333333333333333,1,0.020128787,0.9798712
0.620253164556962,0.0,0.16666666666666666,0.6666666666666666,0.17241379310344823,0.2,0.1,0.2,0.4443299714816187,0.0064266351631042,0.07044047263514697,0.0065699859286896135,0.00966183574879227,0.2344506469665603,0.00945776728596127,0.3333333333333333,1,0.030405939,0.96959406
0.4050632911392405,1.0,0.3333333333333333,0.6666666666666666,0.20689655172413796,0.2,0.2,0.2,0.3644226069000892,0.008471161419125593,0.003918637216722606,0.005399063937289872,0.008051529790660225,0.012660334936194256,0.009646922631680493,0.3333333333333333,1,0.05307454,0.94692546
0.3164556962025316,0.0,0.3333333333333333,0.3333333333333333,0.1896551724137931,0.2,0.1,0.1,0.21368948064103882,0.0032007253145777243,0.00722751073320671,0.023192354025620806,0.07080193236714975,0.007066342499572127,0.003822829536985545,0.3333333333333333,1,0.04721099,0.952789
0.18987341772151897,1.0,0.3333333333333333,0.6666666666666666,0.03448275862068967,0.2,0.2,0.1,0.20111925330504143,0.0022895030862501602,0.0018886643918779714,0.0033879126206493946,0.0031272141706924317,0.23450925962830194,0.005674660371576761,0.0,1,0.04651159,0.9534884
0.13924050632911392,1.0,0.16666666666666666,0.6666666666666666,0.08620689655172414,0.2,0.2,0.2,0.2934444987582119,0.0061438815319523055,0.011874658232492747,0.0039368174542738655,0.004045088566827697,0.017583798522492023,0.007566213828769015,0.0,1,0.04162669,0.9583733
0.4430379746835443,1.0,0.16666666666666666,0.3333333333333333,0.29310344827586204,0.1,0.1,0.1,0.18353145680484526,0.01549650163928421,0.00342108903678116,0.03261934462112631,0.01303220611916264,0.0035167597044984044,0.0066450272951163875,0.3333333333333333,1,0.037931323,0.9620687
0.27848101265822783,1.0,0.16666666666666666,0.3333333333333333,0.3103448275862069,0.2,0.2,0.2,0.42228686291229445,0.03491492206531495,0.014843322790615933,0.011248049869353901,0.008051529790660225,0.011722532348328015,0.03404796222946056,0.3333333333333333,1,0.032373786,0.9676262
0.24050632911392406,1.0,0.16666666666666666,0.6666666666666666,0.15517241379310348,0.2,0.2,0.2,0.2471202134165722,0.0034342546293752406,0.0016624521525489845,0.00337441496080617,0.003381642512077295,0.004853128392207798,0.0034047962229460564,0.0,1,0.05036062,0.9496394
0.36708860759493667,1.0,0.3333333333333333,0.6666666666666666,0.3620689655172414,0.2,0.2,0.2,0.30566619245632914,0.006181658332875433,0.0034436508874228964,0.00674882992161234,0.011272141706924315,0.011722532348328015,0.00945776728596127,0.6666666666666667,1,0.046855032,0.95314497
0.6455696202531646,0.0,0.16666666666666666,0.3333333333333333,0.29310344827586204,0.2,0.2,0.2,0.28956240396144645,0.005840522373024159,0.0022561850641736217,0.004277633365315288,0.0061545893719806765,0.010027454170759785,0.009208082229611891,0.3333333333333333,1,0.037503302,0.9624967
0.4430379746835443,1.0,0.3333333333333333,0.6666666666666666,0.13793103448275862,0.2,0.2,0.2,0.2457633434678439,0.006738007582834222,0.0024069932237262798,0.009461859550100501,0.02430917874396135,0.0028321638153560483,0.005674660371576761,0.0,1,0.038898528,0.9611015
0.24050632911392406,1.0,0.16666666666666666,0.6666666666666666,0.12068965517241376,0.2,0.2,0.2,0.2966163740664669,0.036632049380002564,0.03562397469747824,0.007091895442627634,0.006924315619967794,0.010550279113495214,0.00851199055736514,0.0,1,0.036664844,0.96333516
0.4430379746835443,1.0,0.3333333333333333,0.6666666666666666,0.12068965517241376,0.2,0.2,0.2,0.4718915293173782,0.0103519882044801,0.0052527550691431665,0.011248049869353901,0.01610305958132045,0.1875980296767629,0.028373301857883806,0.0,1,0.044302046,0.95569795
0.5063291139240507,1.0,0.16666666666666666,0.3333333333333333,0.2758620689655172,0.2,0.2,0.2,0.24102087475366998,0.005723757715625401,0.008914305935132306,0.005662268304232753,0.016112721417069244,0.0033596777710308092,0.0007017663326183262,0.3333333333333333,1,0.027846098,0.9721539
0.620253164556962,1.0,0.3333333333333333,0.6666666666666666,0.15517241379310348,0.2,0.2,0.2,0.289565692014634,0.029149953294137044,0.025586919826463744,0.008460783111728003,0.014597423510466988,0.020727781698313595,0.022698641486307045,0.0,1,0.011777103,0.9882229
0.620253164556962,1.0,0.16666666666666666,0.3333333333333333,0.3103448275862069,0.2,0.2,0.2,0.640664011381048,0.045139842848508166,0.011874658232492747,0.022496099738707802,0.0322061191626409,0.04689012939331206,0.03783106914384508,0.3333333333333333,1,0.049224675,0.9507753
0.45569620253164556,1.0,0.3333333333333333,0.3333333333333333,0.41379310344827586,0.2,0.2,0.2,0.35149726981983653,0.011447515431250803,0.0059373291162463735,0.011248049869353901,0.18357487922705315,0.02344506469665603,0.0,0.6666666666666667,1,0.047522783,0.9524772
0.4430379746835443,1.0,0.16666666666666666,0.3333333333333333,0.24137931034482757,0.0,0.2,0.1,0.28522436578934096,0.05151381944062861,0.05937329116246373,0.08259105577570489,0.012494363929146537,0.07464908599415279,0.023790067831106973,0.3333333333333333,1,0.025975585,0.9740244
0.620253164556962,1.0,0.16666666666666666,0.6666666666666666,0.17241379310344823,0.2,0.2,0.2,0.25543241187469445,0.006868509258750481,0.0013845851499086543,0.0013711372790742404,0.008051529790660225,0.12660334936194256,0.2080708802911479,0.3333333333333333,1,0.03418994,0.96581006
0.34177215189873417,1.0,0.3333333333333333,0.3333333333333333,0.4827586206896552,0.2,0.2,0.2,0.25463670300330776,0.003435399380918366,0.0014142717954898861,0.07633714004834412,0.003896940418679549,0.00548145612607818,0.004399753341429182,0.6666666666666667,1,0.044104934,0.95589507
0.620253164556962,0.0,0.3333333333333333,0.6666666666666666,0.08620689655172414,0.2,0.2,0.2,0.3203714623287746,0.006874233016466107,0.0035653661343059474,0.006854561590384267,0.00670048309178744,0.011771766984190992,0.008228257538786303,0.0,1,0.025357246,0.97464275
0.4936708860759494,0.0,0.16666666666666666,0.6666666666666666,0.13793103448275862,0.2,0.2,0.2,0.18270944350795817,0.09466408410718538,0.0011512481156401718,0.0019346645775288709,0.0027568438003220614,0.004140398425429455,0.003607192442865628,0.0,1,0.043254495,0.9567455
0.620253164556962,1.0,0.3333333333333333,0.3333333333333333,0.37931034482758624,0.2,0.0,0.2,0.24009035570159382,0.0,0.0,0.12811978723188866,0.006650563607085346,0.010212670181863366,0.007761043834859817,0.6666666666666667,1,0.053393304,0.9466067
0.3924050632911392,1.0,0.3333333333333333,0.3333333333333333,0.32758620689655177,0.2,0.2,0.2,0.2869429215886996,0.005723757715625401,0.0016054537930330194,0.12237203374864883,0.008249597423510467,0.012320381498092744,0.010087654587206289,0.3333333333333333,1,0.036851645,0.96314836
0.12658227848101264,1.0,0.5,0.0,0.17241379310344823,0.2,0.2,0.2,0.2800708904267235,0.009052695203033135,0.0023749316464985494,0.0056240249346769505,0.004830917874396135,0.007033519408996809,0.005674660371576761,0.3333333333333333,1,0.047727644,0.95227236
0.2531645569620253,0.0,0.16666666666666666,0.6666666666666666,0.10344827586206895,0.2,0.2,0.2,0.22815253059533488,0.009158012345000641,0.0029686645581231868,0.00449921994774156,0.004830917874396135,0.018756051757324824,0.005674660371576761,0.0,1,0.04957187,0.9504281
0.1772151898734177,0.0,0.5,0.6666666666666666,0.15517241379310348,0.2,0.2,0.2,0.26940115783312907,0.0035430060259721233,0.08035106239598543,0.003203444602791991,0.003752012882447665,0.005167292259142989,0.003972262260103733,0.0,1,0.04279083,0.95720917
0.5189873417721519,0.0,0.16666666666666666,0.6666666666666666,0.25862068965517243,0.1,0.1,0.4,0.19185132738707178,0.04595719545029947,0.013679606283831644,7.086271417692958e-05,0.0001674718196457327,5.392364880230887e-05,0.09497868219253744,0.3333333333333333,1,0.038690805,0.9613092
0.24050632911392406,1.0,0.16666666666666666,0.6666666666666666,0.03448275862068967,0.2,0.2,0.2,0.2613267952222395,0.0033575562759858603,0.0012468391144117384,0.002990856460261202,0.003381642512077295,0.006330167468097128,0.0049161474352426675,0.0,1,0.053439677,0.9465603
0.2531645569620253,1.0,0.3333333333333333,0.6666666666666666,0.03448275862068967,0.2,0.2,0.2,0.1924245446594344,0.005723757715625401,0.0029686645581231868,0.0056240249346769505,0.01288244766505636,0.004689012939331206,0.007961548501322196,0.0,1,0.054187894,0.9458121
0.27848101265822783,1.0,0.3333333333333333,0.6666666666666666,0.12068965517241376,0.2,0.1,0.1,0.20873328846967426,0.004922431635437845,0.0023155583553360858,0.0009785803386337894,0.0,0.0,0.0,0.0,1,0.048447073,0.9515529
0.5189873417721519,1.0,0.16666666666666666,0.6666666666666666,0.12068965517241376,0.2,0.1,0.2,0.19011523530404625,0.001156199058556331,0.03830349132764023,0.002722028068383644,0.0023719806763285024,0.0024898658707848704,0.0019331676332504833,0.0,1,0.03673178,0.9632682
0.18987341772151897,1.0,0.3333333333333333,0.6666666666666666,0.12068965517241376,0.2,0.2,0.1,0.19444669736977663,0.11447515431250802,0.0059373291162463735,0.007591308856826948,0.0009436392914653784,0.18756051757324824,0.05674660371576761,0.0,1,0.043091297,0.9569087
0.4177215189873417,1.0,0.16666666666666666,0.3333333333333333,0.13793103448275862,0.1,0.2,0.2,0.1944182009088179,0.011447515431250803,0.003562397469747824,0.025870514699513972,0.0006441223832528181,0.013731774392831436,0.01229509747174965,0.0,1,0.03452772,0.9654723
0.2531645569620253,1.0,0.8333333333333333,0.3333333333333333,0.3448275862068965,0.0,0.0,0.0,0.1833001970639877,0.015950968001904868,0.0045925240714165694,0.00624379248247835,0.001998389694041868,0.004222456151867751,0.002570621148324273,0.6666666666666667,1,0.0339846,0.9660154
0.2911392405063291,1.0,0.3333333333333333,0.3333333333333333,0.2758620689655172,0.2,0.2,0.1,0.23767911669739167,0.011454383940509552,0.0059373291162463735,0.011248049869353901,0.03672624798711755,0.02344506469665603,0.021013267355948745,0.3333333333333333,1,0.037382066,0.96261793
0.430379746835443,1.0,0.3333333333333333,0.3333333333333333,0.25862068965517243,0.2,0.2,0.2,0.20452348437188317,0.017171273146876203,0.001781198734873912,0.00337441496080617,0.00644122383252818,0.02344506469665603,0.047288836429806344,0.3333333333333333,1,0.035795152,0.96420485
0.4430379746835443,1.0,0.16666666666666666,0.3333333333333333,0.1896551724137931,0.2,0.2,0.2,0.19905764395644862,0.005723757715625401,0.0011874658232492747,0.005645396229428722,0.00322061191626409,0.005861266174164007,0.00945776728596127,0.3333333333333333,1,0.039233923,0.9607661
0.4430379746835443,1.0,0.16666666666666666,0.6666666666666666,0.1896551724137931,0.2,0.2,0.2,0.193927184966144,0.008103696173782442,0.0041561303813724615,0.0056240249346769505,0.0,0.027737856042613748,0.0245901949434993,0.3333333333333333,1,0.029784858,0.97021514
0.4936708860759494,1.0,0.3333333333333333,0.3333333333333333,0.41379310344827586,0.0,0.1,0.1,0.1935183703531588,0.002794338516768321,0.00952703829992893,0.0027928907825605733,0.017260869565217392,0.004037240140764169,0.0053644456045972315,0.6666666666666667,1,0.054160416,0.9458396
0.34177215189873417,1.0,0.3333333333333333,0.6666666666666666,0.29310344827586204,0.2,0.2,0.2,0.28294684094809913,0.004922431635437845,0.0023749316464985494,0.004536338512310428,0.004830917874396135,0.00773687134989649,0.006620437100172888,0.3333333333333333,1,0.051323414,0.9486766
0.37974683544303794,1.0,0.5,0.3333333333333333,0.24137931034482757,0.2,0.2,0.2,0.27323612386753965,0.005723757715625401,0.01073944090546644,0.006186427428144645,0.010144927536231883,0.04055996192521493,0.04823461315840247,0.3333333333333333,1,0.038303673,0.9616963
0.3291139240506329,1.0,0.3333333333333333,0.3333333333333333,0.25862068965517243,0.2,0.2,0.2,0.2625324147243405,0.005916075974870414,0.002974601887239433,0.002255233998805457,0.00322061191626409,0.004689012939331206,0.0037831069143845074,0.3333333333333333,1,0.05151671,0.9484833
0.18987341772151897,0.0,0.16666666666666666,0.6666666666666666,0.15517241379310348,0.1,0.1,0.1,0.19372113363305762,0.0011527648039269557,0.007069577778714557,0.006115564713967715,0.010777777777777778,0.052273116247664286,0.04445150624401796,0.0,1,0.037472844,0.96252716
0.4430379746835443,0.0,0.5,0.6666666666666666,0.20689655172413796,0.2,0.2,0.2,0.21686902807339808,0.0022895030862501602,0.0041561303813724615,0.007873634908547731,0.008051529790660225,0.009378025878662412,0.00810908967098319,0.3333333333333333,1,0.031832695,0.9681673
0.620253164556962,0.0,0.3333333333333333,0.3333333333333333,0.396551724137931,0.0,0.1,0.2,0.26588184490472316,0.10767990915251754,0.13287267575830083,0.09581538800710426,0.0077342995169082124,0.002787618192432402,0.4207363439298158,0.6666666666666667,1,0.024632156,0.97536784
0.4430379746835443,0.0,0.16666666666666666,0.6666666666666666,0.24137931034482757,0.2,0.2,0.2,0.22677374029202294,0.022962571203545983,0.007744058366320145,0.04558609651051749,0.016355877616747182,0.028293504075924496,0.015245920864969564,0.3333333333333333,1,0.024166763,0.97583324
0.4177215189873417,0.0,0.3333333333333333,0.3333333333333333,0.4827586206896552,0.2,0.1,0.2,0.19242016058851766,0.049702822499404734,0.230443180057224,0.014060062336692375,0.017713365539452495,0.025789571166321634,0.021147567651409398,0.6666666666666667,1,0.02939266,0.97060734
0.620253164556962,0.0,0.3333333333333333,0.3333333333333333,0.5689655172413792,0.2,0.2,0.2,0.2999307316795156,0.0057397842372291525,0.002671798102310868,0.00449921994774156,0.006524959742351046,0.007049930954284468,0.007590804023712514,0.6666666666666667,1,0.036262393,0.9637376
0.35443037974683544,1.0,0.16666666666666666,0.6666666666666666,0.12068965517241376,0.2,0.2,0.2,0.3192250277840494,0.004939602908584721,0.003562397469747824,0.00449921994774156,0.004830917874396135,0.005861266174164007,0.005674660371576761,0.0,1,0.050822258,0.94917774
0.34177215189873417,1.0,0.3333333333333333,0.3333333333333333,0.29310344827586204,0.2,0.2,0.2,0.19119810082047886,0.011454383940509552,0.005948016308655617,0.00788600776340402,0.00966183574879227,0.08674673937762731,0.01891553457192254,0.3333333333333333,1,0.022768617,0.9772314
0.08860759493670886,1.0,0.3333333333333333,0.6666666666666666,0.03448275862068967,0.2,0.1,0.2,0.26994368660907453,0.005723757715625401,0.048092365841595625,0.0031224586437326425,0.004186795491143317,0.006320789442218465,0.005319048321624617,0.0,1,0.048471987,0.951528
0.3924050632911392,1.0,0.5,0.6666666666666666,0.06896551724137928,0.2,0.2,0.2,0.2543605065355537,0.0035304137589977475,0.0017853548652552844,0.003409283915401167,0.0038115942028985506,0.005744040850680727,0.004600258007891561,0.0,1,0.04554051,0.9544595
0.7088607594936709,1.0,0.16666666666666666,0.6666666666666666,0.12068965517241376,0.2,0.2,0.2,0.21838701262831625,0.0034342546293752406,0.0029686645581231868,0.0033924118405971363,0.004830917874396135,0.009378025878662412,0.007566213828769015,0.0,1,0.035653174,0.9643468
0.1772151898734177,1.0,0.3333333333333333,0.6666666666666666,0.17241379310344823,0.1,0.1,0.2,0.19649515450561927,0.013751900287561588,0.007127763604053771,0.027357506892242554,0.00966183574879227,0.08674673937762731,0.04732099283857861,0.3333333333333333,1,0.02164483,0.97835517
0.4936708860759494,1.0,0.3333333333333333,0.3333333333333333,0.15517241379310348,0.2,0.2,0.2,0.256922995986383,0.0029763540121252085,0.001781198734873912,0.00337441496080617,0.00322061191626409,0.004693701952270537,0.005712491440720606,0.0,1,0.046694696,0.9533053
0.20253164556962022,1.0,0.16666666666666666,0.3333333333333333,0.15517241379310348,0.0,0.0,0.1,0.18726558920817102,0.005746652746487902,0.0005913579799781388,0.039919328986336995,0.00966183574879227,0.012543109612710976,0.023644418214903172,0.0,1,0.04503143,0.9549686
0.4683544303797468,1.0,0.16666666666666666,0.6666666666666666,0.10344827586206895,0.1,0.2,0.2,0.31259302450476434,0.003720442515156511,0.0036811440520727514,0.0056240249346769505,0.002484702093397746,0.004163843490126111,0.0028051737770161123,0.0,1,0.052726924,0.9472731
0.1772151898734177,1.0,1.0,0.6666666666666666,0.32758620689655177,0.2,0.2,0.2,0.3541540167953756,0.1840897851530304,0.0018839145285849742,0.004216893896020777,0.0,0.0,0.0,0.3333333333333333,1,0.047335744,0.95266426
0.620253164556962,1.0,0.5,0.6666666666666666,0.396551724137931,0.2,0.2,0.2,0.40809781739029405,0.022983176731322236,0.012451766622591894,0.0056746411590890425,0.1611191626409018,0.02348726581311001,0.019288170602989412,0.6666666666666667,1,0.04258859,0.9574114
0.26582278481012656,1.0,0.8333333333333333,0.6666666666666666,0.4310344827586207,0.2,0.2,0.2,0.296125358123793,0.005723757715625401,0.003562397469747824,0.0056240249346769505,0.005876006441223832,0.00839333316140286,0.007566213828769015,0.6666666666666667,1,0.027982175,0.9720178
0.3164556962025316,1.0,0.3333333333333333,0.6666666666666666,0.25862068965517243,0.1,0.1,0.1,0.20080250418130763,0.015092404344561057,0.0010093459497618835,0.005837737882194674,0.013615136876006441,0.0034276684586511115,0.006887146137636996,0.3333333333333333,1,0.04006499,0.959935
0.4936708860759494,1.0,0.5,0.6666666666666666,0.2241379310344827,0.0,0.0,0.0,0.19260319554929117,0.0067185468066010955,0.0034139642418416646,0.14945508822407913,0.035072463768115944,0.0481209952898865,0.14183624443410395,0.3333333333333333,1,0.03254199,0.967458
0.34177215189873417,1.0,0.6666666666666666,0.3333333333333333,0.396551724137931,0.0,0.0,0.0,0.1873686148747142,0.014149129073025991,0.01230273966177411,0.0,0.0,0.04016374033184145,0.005071254818732432,0.6666666666666667,1,0.04488498,0.955115
0.3291139240506329,1.0,0.3333333333333333,0.3333333333333333,0.2241379310344827,0.2,0.2,0.2,0.4046902982702648,0.011464686704397679,0.003881825776201879,0.00871048981882766,0.011381642512077295,0.012543109612710976,0.01906118418812634,0.3333333333333333,1,0.052954495,0.9470455
0.2531645569620253,1.0,0.16666666666666666,0.6666666666666666,0.24137931034482757,0.0,0.0,0.1,0.1886224591568993,0.016337894023481146,0.005872018495967663,0.012706921937409101,0.013067632850241546,0.06559225750183457,0.015157017852481528,0.3333333333333333,1,0.050629973,0.94937
0.1772151898734177,1.0,0.8333333333333333,0.3333333333333333,0.2241379310344827,0.2,0.2,0.2,0.19788271295076468,0.0034342546293752406,0.0011874658232492747,0.00224960997387078,0.00322061191626409,0.004689012939331206,0.0018915534571922537,0.3333333333333333,1,0.023013532,0.97698647
0.5443037974683544,1.0,0.16666666666666666,0.3333333333333333,0.25862068965517243,0.2,0.1,0.2,0.1970793319552737,0.012667820576222137,0.011678132638744992,0.03728953492688205,0.0,0.04689012939331206,0.013327885659376619,0.3333333333333333,1,0.023225725,0.9767743
0.3924050632911392,1.0,0.16666666666666666,0.6666666666666666,0.1896551724137931,0.1,0.1,0.1,0.19586056024042242,0.0017171273146876203,0.004749863292997099,0.007873634908547731,0.013687600644122383,0.03047858410565284,0.028373301857883806,0.3333333333333333,1,0.038908005,0.961092
0.6075949367088608,1.0,0.3333333333333333,0.6666666666666666,0.20689655172413796,0.2,0.2,0.2,0.24538521735127583,0.011447515431250803,0.004844860558857041,0.007873634908547731,0.00322061191626409,0.08674673937762731,0.005674660371576761,0.3333333333333333,1,0.022418082,0.9775819
0.3164556962025316,1.0,0.16666666666666666,0.3333333333333333,0.25862068965517243,0.2,0.1,0.2,0.19347124159080395,0.0034342546293752406,0.00014605829625966078,0.00807385019622223,0.008315619967793881,0.002834508321825714,0.002286888129745435,0.3333333333333333,1,0.053043664,0.94695634
0.620253164556962,1.0,0.5,0.6666666666666666,0.46551724137931033,0.0,0.0,0.0,0.2734871119275225,0.028990832829642658,0.00852837954257629,0.13956692758393013,0.11520289855072464,0.12876967333991357,0.08918296239970037,0.6666666666666667,1,0.017941058,0.98205894
0.48101265822784806,1.0,0.3333333333333333,0.6666666666666666,0.3103448275862069,0.2,0.2,0.2,0.23999061808823818,0.0022895030862501602,0.0029686645581231868,0.00337441496080617,0.004830917874396135,0.011722532348328015,0.005674660371576761,0.3333333333333333,1,0.038891017,0.961109
0.620253164556962,1.0,0.16666666666666666,0.6666666666666666,0.396551724137931,0.2,0.2,0.2,0.31349614311361096,0.11447515431250802,0.029686645581231866,0.011261547529197126,0.08051529790660225,0.02344506469665603,0.01891553457192254,0.6666666666666667,1,0.012069225,0.9879308
0.34177215189873417,1.0,0.3333333333333333,0.3333333333333333,0.37931034482758624,0.0,0.0,0.0,0.19751664302921762,0.006410608641500449,0.007954239817035266,0.02250059895865554,0.01702254428341385,0.019764189539281034,0.025651356432984152,0.6666666666666667,1,0.03390187,0.9660981
0.620253164556962,1.0,0.3333333333333333,0.3333333333333333,0.4827586206896552,0.0,0.0,0.0,0.19558545979039754,0.00592637873875854,0.002493084495911852,0.008443911036923973,0.007561996779388084,0.13666597112974732,0.06809592445892113,0.6666666666666667,1,0.02796644,0.97203356
0.620253164556962,1.0,0.16666666666666666,0.3333333333333333,0.2758620689655172,0.0,0.0,0.0,0.188884407394174,0.010880863417403887,0.007229291931941584,0.01300724486892085,0.047215780998389696,0.15756490180034652,0.016271142838767766,0.3333333333333333,1,0.031248868,0.96875113
0.5569620253164557,1.0,0.16666666666666666,0.6666666666666666,0.2758620689655172,0.2,0.1,0.1,0.22210799281889182,0.020143048152828913,0.014822542138709071,0.0,0.0026553945249597425,0.012219567719897123,0.0010119810995978557,0.3333333333333333,1,0.028334916,0.9716651
0.27848101265822783,1.0,0.3333333333333333,0.6666666666666666,0.5172413793103448,0.2,0.2,0.2,0.41543127201625607,0.019460776233126365,0.0059373291162463735,0.011248049869353901,0.01610305958132045,0.02344506469665603,0.01891553457192254,0.6666666666666667,1,0.04827261,0.9517274
0.24050632911392406,0.0,0.6666666666666666,0.6666666666666666,0.12068965517241376,0.1,0.1,0.1,0.18334951786180093,0.0012695294613257139,0.001666608282930357,0.029600368036191725,0.08068921095008051,0.00019928304992157625,0.003302652336257675,0.0,1,0.04558766,0.95441234
0.569620253164557,0.0,0.6666666666666666,0.6666666666666666,0.12068965517241376,0.1,0.2,0.1,0.18296700767431612,0.0630426122314413,0.0007498846673819169,0.0044249828186038245,0.0027407407407407406,0.05213713487242368,0.0009703669235396261,0.0,1,0.042190433,0.95780957
0.5822784810126582,0.0,0.16666666666666666,0.6666666666666666,0.15517241379310348,0.0,0.0,0.0,0.19231165483332857,0.0037788248438558898,0.003044068637899516,0.010465185598446869,0.0069661835748792275,0.023564634526608976,0.014491191035549855,0.0,1,0.043889344,0.95611066
0.7215189873417722,0.0,0.16666666666666666,0.6666666666666666,0.1896551724137931,0.1,0.2,0.2,0.23539501574977476,0.013377566532959687,0.004956482346242472,0.007415839278865026,0.01158937198067633,0.023672481824213592,0.2517298256366023,0.3333333333333333,1,0.0335353,0.9664647
0.4430379746835443,0.0,0.3333333333333333,0.3333333333333333,0.13793103448275862,0.2,0.2,0.2,0.20170452677242506,0.006900562301957984,0.0035813969229198123,0.11200583098905227,0.004037037037037037,0.012604066780922282,0.0037831069143845074,0.0,1,0.02338934,0.97661066
0.4430379746835443,0.0,0.16666666666666666,0.6666666666666666,0.20689655172413796,0.1,0.1,0.2,0.1874891768249243,0.004941892411670971,0.007128357336965396,0.024531996765060855,0.0,0.006939739150210185,0.003423711757517979,0.3333333333333333,1,0.048611104,0.9513889
0.10126582278481013,0.0,0.16666666666666666,0.6666666666666666,0.25862068965517243,0.1,0.2,0.2,0.28133788692165884,0.010760664505375755,0.01603078861386521,0.00337441496080617,0.004315619967793881,0.12409472743940037,0.006431281754453662,0.3333333333333333,1,0.033854365,0.96614563
0.2531645569620253,0.0,0.16666666666666666,0.6666666666666666,0.3103448275862069,0.1,0.1,0.2,0.2065346769049336,0.0074820960858655245,0.042770737754704,0.005640897009480981,0.01932367149758454,0.011722532348328015,0.00945776728596127,0.3333333333333333,1,0.03801292,0.9619871
0.05063291139240507,0.0,0.16666666666666666,0.3333333333333333,0.3103448275862069,0.1,0.1,0.1,0.1903410149562579,0.024053519424144184,0.009887434177285085,0.010521425847793638,0.005513687600644123,0.030891217244313984,0.020557402972765412,0.3333333333333333,1,0.046583235,0.95341676
0.34177215189873417,0.0,0.16666666666666666,0.6666666666666666,0.25862068965517243,0.0,0.0,0.0,0.1816956271084641,0.002265463303844534,0.0002968664558123187,0.06206223995914708,0.009581320450885668,0.0006775623697333592,0.012781226710248058,0.3333333333333333,1,0.048815727,0.9511843
0.5822784810126582,0.0,0.3333333333333333,0.3333333333333333,0.32758620689655177,0.1,0.1,0.0,0.20407192506745986,0.043475374104804294,0.017654054394246967,0.028828751815154045,0.0004782608695652174,6.564618115063688e-05,0.05663689361525046,0.3333333333333333,1,0.026188612,0.9738114
0.7468354430379747,0.0,0.16666666666666666,0.3333333333333333,0.25862068965517243,0.2,0.2,0.2,0.5896312338748391,0.05723757715625401,0.029686645581231866,0.01687207480403085,0.0322061191626409,0.035167597044984046,0.013240874200345776,0.3333333333333333,1,0.026975691,0.9730243
0.5316455696202532,0.0,0.16666666666666666,0.3333333333333333,0.3103448275862069,0.2,0.2,0.1,0.2268844380826704,0.020376577467626427,0.008919649531336926,0.014538104456139915,0.028286634460547504,0.025789571166321634,0.019575686728482634,0.3333333333333333,1,0.028950095,0.9710499
0.4050632911392405,0.0,0.6666666666666666,0.3333333333333333,0.20689655172413796,0.2,0.2,0.2,0.21061734294613949,0.0019460776233126364,0.000903661491492698,0.001574726981709546,0.001610305958132045,0.0019224953051257944,0.0014564961620380354,0.3333333333333333,1,0.03711474,0.96288526
0.34177215189873417,0.0,0.16666666666666666,0.6666666666666666,0.15517241379310348,0.2,0.2,0.2,0.29189144163595987,0.005723757715625401,0.0023749316464985494,0.00899843989548312,0.008051529790660225,0.011722532348328015,0.03404796222946056,0.0,1,0.040069044,0.95993096
0.35443037974683544,1.0,0.3333333333333333,0.6666666666666666,0.06896551724137928,0.2,0.2,0.2,0.2444393540509911,0.0022895030862501602,0.0010687192409243472,0.001574726981709546,0.001610305958132045,0.002344506469665603,0.0018915534571922537,0.0,1,0.051503778,0.9484962
0.30379746835443033,1.0,0.3333333333333333,0.3333333333333333,0.06896551724137928,0.2,0.2,0.2,0.19611922042450958,0.006868509258750481,0.0029686645581231868,0.00449921994774156,0.008051529790660225,0.014067038817993618,0.00945776728596127,0.0,1,0.049586177,0.9504138
0.1772151898734177,1.0,0.5,0.6666666666666666,0.3103448275862069,0.2,0.2,0.2,0.24736572138790913,0.0019025770646738834,0.0010586257814267283,0.00144199999325117,0.00040257648953301127,0.029306330870820036,0.023644418214903172,0.3333333333333333,1,0.049482167,0.95051783
0.3924050632911392,1.0,0.3333333333333333,0.3333333333333333,0.15517241379310348,0.2,0.2,0.2,0.2812480134678658,0.005729481473341027,0.008938648984508916,0.018842733141141654,0.016122383252818034,0.02361152465600229,0.018989305156753036,0.0,1,0.026481569,0.97351843
0.4936708860759494,1.0,0.16666666666666666,0.6666666666666666,0.24137931034482757,0.0,0.0,0.0,0.18612353873436255,0.005723757715625401,0.004163848909223581,0.004049297952967404,0.0024154589371980675,0.002344506469665603,0.0018915534571922537,0.3333333333333333,1,0.04356712,0.9564329
0.34177215189873417,1.0,0.3333333333333333,0.6666666666666666,0.44827586206896547,0.0,0.1,0.2,0.19515362880509954,0.016011639833690496,0.04144552589595781,0.0019245413326464524,0.04306441223832528,0.02357870156542697,0.10274540068776883,0.6666666666666667,1,0.025864601,0.9741354
0.26582278481012656,1.0,0.3333333333333333,0.6666666666666666,0.29310344827586204,0.1,0.1,0.1,0.2057499282108387,0.006381989852922322,0.0028000444112217895,0.0018356817386785565,0.013782608695652175,0.00976252493968757,0.020099647036124886,0.3333333333333333,1,0.05000162,0.9499984
0.4050632911392405,1.0,0.16666666666666666,0.3333333333333333,0.17241379310344823,0.2,0.2,0.2,0.32671630896301374,0.011447515431250803,0.038617576037889664,0.01349765984322468,0.008051529790660225,0.014067038817993618,0.011349320743153523,0.3333333333333333,1,0.038573563,0.96142644
0.24050632911392406,1.0,0.16666666666666666,0.3333333333333333,0.29310344827586204,0.0,0.0,0.0,0.1980273872910168,0.007292067329706761,0.0035570538735432023,0.008208826794654477,0.003389694041867955,0.024028846807602765,0.0,0.3333333333333333,1,0.043548346,0.95645165
0.4177215189873417,1.0,0.16666666666666666,0.6666666666666666,0.17241379310344823,0.2,0.2,0.2,0.3043630273763308,0.028618788578127004,0.0890599367436956,0.10142141606199025,0.04025925925925926,0.02344506469665603,0.020807088029114792,0.3333333333333333,1,0.022478223,0.9775218
0.4683544303797468,1.0,0.16666666666666666,0.3333333333333333,0.25862068965517243,0.0,0.1,0.1,0.18558210597614624,0.023465117130977892,0.005075822661479025,0.06014444745642224,0.16390499194847022,0.00027430725695087556,0.061186079679797827,0.3333333333333333,1,0.05139941,0.9486006
0.4430379746835443,1.0,0.3333333333333333,0.3333333333333333,0.29310344827586204,0.2,0.2,0.2,0.2274258708408867,0.0019369196109676357,0.0010283454029338718,0.0019661591171630617,0.002644122383252818,0.009846927172595532,0.0032326648583415616,0.3333333333333333,1,0.04578328,0.9542167
0.4430379746835443,1.0,0.16666666666666666,0.6666666666666666,0.2758620689655172,0.0,0.0,0.0,0.1817723483495069,0.2981116178544609,0.04286751621929882,0.0,0.0,0.0,0.0,0.3333333333333333,1,0.042995214,0.9570048
0.35443037974683544,1.0,0.3333333333333333,0.6666666666666666,0.08620689655172414,0.2,0.2,0.1,0.2013439369395239,0.0034342546293752406,0.04749863292997099,0.00337441496080617,0.004855072463768116,0.0550326003624607,0.0021715033688567073,0.0,1,0.030646265,0.96935374
0.48101265822784806,0.0,0.16666666666666666,0.3333333333333333,0.17241379310344823,0.2,0.1,0.1,0.24067124509806068,0.05630803890323644,0.006181353342924099,0.007682418060768714,0.004199677938808374,0.007003040824891156,0.004229513530281879,0.3333333333333333,1,0.030096054,0.96990395
0.620253164556962,0.0,0.5,0.3333333333333333,0.3103448275862069,0.2,0.2,0.2,0.2270696650789023,0.011447515431250803,0.002925322055574588,0.004467725408107369,0.005191626409017713,0.028087187506593923,0.010904805680713342,0.3333333333333333,1,0.030190945,0.96980906
0.24050632911392406,0.0,0.6666666666666666,0.3333333333333333,0.4827586206896552,0.2,0.2,0.2,0.23542570424619186,0.0019334853563382605,0.0012848380207557152,0.0028120124673384752,0.005603864734299517,0.005861266174164007,0.005674660371576761,0.6666666666666667,1,0.029291093,0.9707089
0.3164556962025316,0.0,0.8333333333333333,0.6666666666666666,0.24137931034482757,0.2,0.2,0.2,0.333643141011449,0.008013260801875562,0.0041561303813724615,0.00674882992161234,0.009663446054750403,0.014067038817993618,0.011349320743153523,0.3333333333333333,1,0.044370115,0.9556299
0.430379746835443,0.0,0.16666666666666666,0.6666666666666666,0.1896551724137931,0.2,0.2,0.2,0.22899756026453483,0.0022895030862501602,0.001781198734873912,0.00224960997387078,0.0032222222222222222,0.0013598137524060497,0.0012805816905191558,0.3333333333333333,1,0.04786247,0.95213753
0.34177215189873417,0.0,0.16666666666666666,0.6666666666666666,0.17241379310344823,0.0,0.0,0.0,0.1906665322218252,0.010353132956023225,0.005250973870408292,0.009276266727256162,0.0,0.0,0.0,0.3333333333333333,1,0.040917218,0.9590828
0.3924050632911392,0.0,0.16666666666666666,0.6666666666666666,0.13793103448275862,0.2,0.2,0.1,0.23272621257921466,0.0029339982050295807,0.005843519316209681,0.027792806422186553,0.009697262479871176,0.010123578936016073,0.008553604733423372,0.0,1,0.033468723,0.9665313
0.1772151898734177,0.0,0.16666666666666666,0.6666666666666666,0.4310344827586207,0.2,0.2,0.2,0.2577910420278958,0.005723757715625401,0.001781198734873912,0.00337441496080617,0.008051529790660225,0.02344506469665603,0.00945776728596127,0.6666666666666667,1,0.05382669,0.9461733
0.620253164556962,0.0,0.16666666666666666,0.6666666666666666,0.17241379310344823,0.2,0.1,0.1,0.21442052446640375,0.006868509258750481,0.0010075647510270095,0.0,0.0045088566827697265,0.012660334936194256,0.015699893694695707,0.3333333333333333,1,0.03205204,0.96794796
0.2911392405063291,0.0,0.16666666666666666,0.3333333333333333,0.3103448275862069,0.1,0.1,0.1,0.19761090055392733,0.003654046925655256,0.00261064361241353,0.011449389962015335,0.00871658615136876,0.00445221778589498,0.041587694309828886,0.3333333333333333,1,0.051744163,0.94825584
0.27848101265822783,0.0,0.5,0.6666666666666666,0.2241379310344827,0.2,0.2,0.2,0.331766758659088,0.007669835338938037,0.0038592639255601428,0.007325854879910196,0.00740901771336554,0.011722532348328015,0.00945776728596127,0.3333333333333333,1,0.049865425,0.9501346
0.620253164556962,0.0,0.3333333333333333,0.6666666666666666,0.1896551724137931,0.2,0.2,0.2,0.32023336409489755,0.009158012345000641,0.005046729748809417,0.007873634908547731,0.011272141706924315,0.014067038817993618,0.028373301857883806,0.3333333333333333,1,0.028482378,0.9715176
0.30379746835443033,0.0,0.0,0.3333333333333333,0.24137931034482757,0.0,0.0,0.0,0.20651056451489158,0.0089096012601425,0.007152106653430381,0.03792617454948748,0.0,0.0027899626989020677,0.0011160165397434297,0.3333333333333333,1,0.03876704,0.96123296
0.36708860759493667,0.0,0.16666666666666666,0.3333333333333333,0.2758620689655172,0.0,0.0,0.1,0.20334855336619923,0.02672765902888437,0.012157868831337699,0.03060144447456422,0.28534943639291466,0.017684612300687644,0.02595022187922053,0.3333333333333333,1,0.04018998,0.95981
0.15189873417721517,1.0,0.3333333333333333,0.6666666666666666,0.03448275862068967,0.2,0.2,0.2,0.23072269217026853,0.006868509258750481,0.003562397469747824,0.00449921994774156,0.01610305958132045,0.011722532348328015,0.015136210764452413,0.0,1,0.048203826,0.9517962
0.26582278481012656,1.0,0.16666666666666666,0.6666666666666666,0.08620689655172414,0.2,0.2,0.2,0.21375852975797735,0.005723757715625401,0.004749863292997099,0.00449921994774156,0.012077294685990338,0.014067038817993618,0.008500641236621987,0.0,1,0.04384041,0.9561596
0.6835443037974683,1.0,0.16666666666666666,0.6666666666666666,0.396551724137931,0.2,0.1,0.2,0.21117302393483514,0.035281242559114974,0.004661397089165028,0.022216023296960888,0.04782608695652174,0.1898745454588082,0.0683947899051575,0.6666666666666667,1,0.04298967,0.9570103
0.36708860759493667,1.0,0.3333333333333333,0.3333333333333333,0.15517241379310348,0.1,0.2,0.2,0.19325642211588412,0.008020129311134312,0.0038093903609836732,0.006523868924225262,0.00966183574879227,0.020866107580023868,0.007566213828769015,0.0,1,0.042871535,0.95712847
0.45569620253164556,1.0,0.3333333333333333,0.6666666666666666,0.29310344827586204,0.2,0.2,0.2,0.2645819678779124,0.005723757715625401,0.001781198734873912,0.003377789375766976,0.004830917874396135,0.008205772643829611,0.11349320743153522,0.3333333333333333,1,0.03702712,0.9629729
0.34177215189873417,1.0,0.3333333333333333,0.6666666666666666,0.15517241379310348,0.1,0.1,0.1,0.1959263213041734,0.006055735663131674,0.0016096099234143917,0.0050346271215228056,0.006552334943639292,0.012099997889944177,0.015181608047425028,0.0,1,0.05265063,0.94734937
0.620253164556962,1.0,0.16666666666666666,0.3333333333333333,0.20689655172413796,0.1,0.1,0.2,0.18585611040844194,0.009183196878949394,0.020186918995237668,0.1125119932331732,0.0,0.00035402047691950603,0.005073146372189624,0.3333333333333333,1,0.025137484,0.9748625
0.37974683544303794,1.0,0.5,0.6666666666666666,0.15517241379310348,0.30000000000000004,0.2,0.2,0.187979096749869,0.13737018517500962,0.010691942272536469,0.022496099738707802,0.01932367149758454,0.011722532348328015,0.005674660371576761,0.0,1,0.05027473,0.9497253
0.6075949367088608,1.0,0.16666666666666666,0.6666666666666666,0.2241379310344827,0.2,0.1,0.1,0.20234240909080944,0.005767258274264154,0.0020210668311702656,0.01624780803628171,0.01235426731078905,0.005380642347882558,0.017031547328559053,0.3333333333333333,1,0.027690709,0.9723093
0.37974683544303794,1.0,0.16666666666666666,0.6666666666666666,0.13793103448275862,0.2,0.2,0.2,0.21425612180702633,0.01688508526109493,0.0029686645581231868,0.02699531968644936,0.01610305958132045,0.02344506469665603,0.05674660371576761,0.0,1,0.02524501,0.974755
0.37974683544303794,1.0,0.3333333333333333,0.3333333333333333,0.396551724137931,0.1,0.2,0.2,0.25537541895277693,0.011447515431250803,0.03324904305097969,0.0056240249346769505,0.00644122383252818,0.00773687134989649,0.00945776728596127,0.6666666666666667,1,0.025720477,0.9742795
0.15189873417721517,1.0,0.16666666666666666,0.3333333333333333,0.20689655172413796,0.1,0.1,0.1,0.18297467979842041,0.09629421030459549,0.026364116207780397,0.030717299388218565,0.0012898550724637682,0.06570948282531786,0.0,0.3333333333333333,1,0.044921935,0.95507807
0.2151898734177215,1.0,0.16666666666666666,0.3333333333333333,0.3448275862068965,0.2,0.2,0.2,0.24197112212487148,0.005723757715625401,0.003562397469747824,0.011248049869353901,0.024154589371980676,0.05392364880230887,0.01029950857441182,0.6666666666666667,1,0.05109358,0.9489064
0.34177215189873417,1.0,0.16666666666666666,0.6666666666666666,0.15517241379310348,0.1,0.1,0.0,0.2107192725949535,0.059782359836621064,0.014902696081778397,0.010603536611839921,0.004570048309178744,0.00046421228099378936,0.007829139759318739,0.0,1,0.02584076,0.97415924
0.3291139240506329,1.0,0.5,0.3333333333333333,0.3448275862068965,0.2,0.2,0.2,0.23504319405870708,0.004221843691045296,0.0015662674208657933,0.007540692632414855,0.004619967793880838,0.004689012939331206,0.00318915912882614,0.6666666666666667,1,0.04963106,0.95036894
0.1772151898734177,1.0,0.16666666666666666,0.3333333333333333,0.5862068965517242,0.1,0.1,0.2,0.19698617044829314,0.021445775408905254,0.010710941725708457,0.03639081574232067,0.040257648953301126,0.039172014095172895,0.31850166267548885,0.6666666666666667,1,0.032000422,0.9679996
0.24050632911392406,0.0,0.3333333333333333,0.6666666666666666,0.13793103448275862,0.0,0.0,0.0,0.19656529964028696,0.016374526072861148,0.017458122533410836,0.017800038918252548,0.009911433172302737,0.023339561905521077,0.037401686509062435,0.0,1,0.026092052,0.97390795
0.05063291139240507,0.0,0.16666666666666666,0.6666666666666666,0.06896551724137928,0.1,0.1,0.1,0.19212752385482584,0.028670302397567633,0.00921592225423762,0.007833141929018055,0.01224476650563607,0.005094612558583355,0.012457771069068183,0.0,1,0.04505676,0.95494324
0.620253164556962,0.0,0.3333333333333333,0.6666666666666666,0.17241379310344823,0.2,0.1,0.2,0.2138834757791042,0.006897128047328608,0.17474628308354,0.01153375033603549,0.012115942028985508,0.011743632906555005,0.004412994215629528,0.3333333333333333,1,0.024137914,0.9758621
